{
    "$defs": {
        "Animal": {
            "additionalProperties": false,
            "description": "Class for animals",
            "properties": {
                "age_in_years": {
                    "description": "Number of years since birth",
                    "type": "integer"
                },
                "birth_date": {
                    "description": "Date on which a person is born",
                    "format": "date",
                    "type": "string"
                },
                "breed": {
                    "description": "The breed of an animal",
                    "type": "string"
                },
                "color": {
                    "description": "The color of an animal",
                    "type": "string"
                },
                "id": {
                    "description": "A unique identifier for a person",
                    "type": "string"
                },
                "name": {
                    "description": "A human-readable name for a person",
                    "type": "string"
                },
                "species": {
                    "description": "The species of an animal",
                    "type": "string"
                },
                "weight_in_mgs": {
                    "description": "The weight of an animal in milligrams",
                    "type": "string"
                }
            },
            "required": [
                "id"
            ],
            "title": "Animal",
            "type": "object"
        },
        "AnimalCollection": {
            "additionalProperties": false,
            "description": "A collection of Animals",
            "properties": {
                "animals": {
                    "description": "A collection of animals",
                    "items": {
                        "$ref": "#/$defs/Animal"
                    },
                    "type": "array"
                }
            },
            "title": "AnimalCollection",
            "type": "object"
        },
        "Breeds": {
            "description": "Any breed from the VBO",
            "enum": [],
            "title": "Breeds",
            "type": "string"
        },
        "Person": {
            "additionalProperties": false,
            "description": "Class for Person",
            "properties": {
                "age_in_years": {
                    "description": "Number of years since birth",
                    "type": "integer"
                },
                "birth_date": {
                    "description": "Date on which a person is born",
                    "format": "date",
                    "type": "string"
                },
                "id": {
                    "description": "this is a unique identifier for a person.",
                    "type": "string"
                },
                "name": {
                    "description": "A human-readable name for a person",
                    "type": "string"
                },
                "pets": {
                    "description": "a collection of animals that lives with and is taken care of by a person.",
                    "items": {
                        "type": "string"
                    },
                    "type": "array"
                },
                "primary_email": {
                    "description": "The main email address of a person",
                    "pattern": "^\\S+@[\\S+\\.]+\\S+",
                    "type": "string"
                },
                "vital_status": {
                    "description": "living or dead status",
                    "type": "string"
                }
            },
            "required": [
                "vital_status",
                "id"
            ],
            "title": "Person",
            "type": "object"
        },
        "PersonCollection": {
            "additionalProperties": false,
            "description": "A collection of Persons",
            "properties": {
                "entries": {
                    "description": "A collection of things",
                    "items": {
                        "$ref": "#/$defs/Person"
                    },
                    "type": "array"
                }
            },
            "title": "PersonCollection",
            "type": "object"
        },
        "PersonStatus": {
            "description": "Range of the Status is being taken from existing ontology",
            "enum": [
                "ALIVE",
                "DEAD",
                "UNKNOWN"
            ],
            "title": "PersonStatus",
            "type": "string"
        }
    },
    "$id": "https://w3id.org/tejasram365/linkml-tutorial",
    "$schema": "http://json-schema.org/draft-07/schema#",
    "additionalProperties": true,
    "metamodel_version": "1.7.0",
    "properties": {
        "animals": {
            "description": "A collection of animals",
            "items": {
                "$ref": "#/$defs/Animal"
            },
            "type": "array"
        },
        "entries": {
            "description": "A collection of things",
            "items": {
                "$ref": "#/$defs/Person"
            },
            "type": "array"
        }
    },
    "then": {
        "anyOf": [
            {
                "properties": {
                    "breed": {}
                },
                "required": [
                    "breed"
                ]
            },
            {
                "properties": {
                    "species": {}
                },
                "required": [
                    "species"
                ]
            }
        ]
    },
    "title": "linkml-tutorial",
    "type": "object",
    "version": null
}