{
  "template": "https://github.com/linkml/linkml-project-cookiecutter",
  "commit": "cb2bc691e458ff89c2330d83c753d0044fa6bd4d",
  "checkout": null,
  "context": {
    "cookiecutter": {
      "project_name": "linkml-tutorial",
      "__project_slug": "linkml_tutorial",
      "github_org": "tejasram365",
      "__source_path": "src/linkml_tutorial/schema/linkml_tutorial.yaml",
      "project_description": "My first LinkML schema",
      "full_name": "Tejas Ram Ramesh",
      "email": "terame@iu.edu",
      "__author": "Tejas Ram Ramesh <terame@iu.edu>",
      "license": "MIT",
      "main_schema_class": "Person",
      "create_python_classes": "Yes",
      "use_schemasheets": "No",
      "google_sheet_id": "1wVoaiFg47aT9YWNeRfTZ8tYHN8s8PAuDx5i2HUcDpvQ",
      "google_sheet_tabs": "personinfo enums",
      "__google_sheet_module": "personinfo_enums",
      "github_token_for_pypi_deployment": "PYPI_PASSWORD",
      "_template": "https://github.com/linkml/linkml-project-cookiecutter"
    }
  },
  "directory": null
}
